name,Headquarters,Employees,Industry,Founded At,Status,Total Funding,Funding Rounds,Number of Acquisitions,FY 2022-23 Revenue,Profit_Loss,Latest Funding Round,FY 2022-23 Expenses,Net Cash Flow From Operations
1Bridge,Bengaluru,43,Consumer Tech,2016,1,24.42,4,1,72.39,-6.59,Seed,78.98,-4.64
1K Kirana Bazaar,Gurugram,985,E-commerce,2018,1,300.62,4,0,224.08,-182.53,Series B,407.7,-187.5
21K School,Bengaluru,1027,EdTech,2020,1,38.04,2,0,33.28,-25.99,Seed,59.28,-22.89
5C Network,Bengaluru,125,Healthcare,2016,1,83.59,7,1,18.75,-19.47,Series B,38.19,-16.82
5ire,Noida,129,"Blockchain,",2021,1,954.96,2,0,0.00019,-7.80E-05,Series A,0.000268,-62.07680742
60Plus India,Chennai,9,Healthcare,2021,1,0.7695000000000001,1,0,0.574,-0.1273,Seed,0.7012999999999999,-7.033972414
6Degree,Mumbai,79,E-commerce,2015,1,23.4,10,0,12.54,-3.72,Seed,,-154.0354023
91Squarefeet,Gurugram,159,"Enterprise Tech,",2019,1,87.7,3,0,67.9,-17.52,Series A,80.92,-16.595
A23,Delhi,40,Gaming,2005,1,7.86,3,0,1072.18,58.02,Seed,975.88,129.92
Aadyah Aerospace,Bengaluru,88,Space Tech,2016,1,19.5,1,0,14.8,3.42,Series A,11.23,-0.9956
Aakash,Delhi,11626,EdTech,1998,0,1350,1,0,1464.32,79.53,Private Equity,,145.18
AarogyaAI,Delhi,11,"SaaS,",2019,1,5.58,2,0,0.1841,-1.45,Seed,1.64,3.32288
ABL Workspace,Delhi,38,Co-Working,2017,1,30.4,6,0,6.44,-3.65,Series A,,-62.07680742
Absolute,Delhi,324,Biotech,2015,1,884.58,4,0,361.51,-37.38,Series B,,-123.71
Accacia,Gurugram,31,Artificial Intelligence/Machine Learning,2022,1,74.77,2,0,0.2644,-3.66,pre-Series A,3.93,-26.2587125
Acko,Bengaluru,1260,Insurance,2016,1,3336.41,6,3,1796.81,-738.55,Series E,2535.36,-184.89
Actlogica,Hyderabad,18,"Fintech,",2019,1,5.1,4,0,0.6071,-1.85,Seed,2.4,-1.59
Adda247,Gurugram,701,EdTech,2016,1,498.96,6,4,129.65,-296.09,Series B,425.17,-33.15
Addverb,Noida,727,Robotics,2016,0,1458.65,6,0,450.78,-58.17,Series B,516.44,-133.09
AdmitKard,Noida,270,EdTech,2015,1,95.21,6,0,8.69,-12.37,Series A,21.07,-44.05101
Adonmo,Hyderabad,315,Adtech,2017,1,406.77,8,0,77.13,-37.74,Series B,115.33,-0.35
Advantage Club,Gurugram,248,HR Tech,2014,1,54.73,6,0,322.98,-1.15,pre-Series A,324.48,1.52
Aeidth Technologies,Noida,6,Automotive Tech,2019,1,1.47,1,0,0.1959,-0.3633,Seed,0.5593,-75.86182381
Aequs,Others,1533,"Space Tech,",2006,1,762.64,4,0,840.5,-109.5,Series B,941.6,9.8
Aerem,Mumbai,34,Fintech,2020,1,66.47,6,0,2.14,-2.83,pre-Series A,4.97,-12.46
Aereo,Bengaluru,321,Drone,2013,1,174.44,4,0,52.55,2.06,Series B,49.65,-13.49
Aero360,Chennai,33,Drone,2017,1,7.2,1,0,3.59,0.3235,Seed,3.27,0.4584
Aerostrovilos Energy,Chennai,19,Renewable Energy,2017,1,3.89,2,0,0.2118,-0.4861,Seed,0.7019,-3.56
Aether,Surat,250,Manufacturing,2013,1,983.17,3,0,637.38,82.49,Post-IPO,,-16.45
AgNext,Chandigarh,212,Agritech,2016,1,185.57,4,0,387.71,-24.31,Series A,411.68,-24.31
Agnikul,Chennai,189,Space Tech,2017,1,307.47,4,0,2.86,-20.23,Series B,23.09,-26.05
AGRIM,Gurugram,254,"Agritech,",2020,1,239.29,4,0,159.04,-28.32,Series B,187.36,-29.23
Agrix,Delhi,16,Agritech,2020,1,2.44,3,0,4.18,-0.7971,Seed,5.02,-65.73210526
Agrizy,Bengaluru,27,Agritech,2021,1,153.28,3,0,180.25,-4.47,Series A,184.72,-14.09
Agrograde,Pune,11,Agritech,2017,1,1.5,3,0,0.2859,-0.7178,Seed,,-65.73210526
Agrostar,Pune,1639,Agritech,2008,1,903.64,7,1,263.36,-141.75,Series E,,-138.63
AirAttix,Pune,7,"SaaS,",2020,1,3.51,2,0,0.7168000000000001,-0.5132,pre-Series A,1.23,-0.4056
Airblack,Gurugram,160,"Beauty & Wellness,",2019,1,80.02,3,0,9.34,-20.14,Series B,29.48,-14.89
Akshayakalpa Organic,Bengaluru,198,Food & Beverages,2010,1,303.42,9,0,194.13,-36.27,Series C,230.4,-23.56
Akumentis Healthcare,Thane,758,Healthcare,2010,1,121.6,1,0,408.81,56.53,Undisclosed,,55.85
AlgoBulls,Mumbai,22,Fintech,2019,1,20.37,3,0,54.53,-1.85,pre-Series A,56.38,-145.3999127
Allen,Kota,7353,EdTech,1988,1,4588.2,1,1,2363.66,428.67,Series A,1788.49,283.97
AlmaBetter,Bengaluru,1423,EdTech,2020,1,22.38,1,0,18.9,-16.34,Seed,33.72,-44.05101
Almo,Gurugram,40,E-commerce,2020,1,17.3,2,0,6.86,-4.87,Pre-Series A,13.74,-154.0354023
Altigreen,Bengaluru,249,Automotive Tech,2013,1,358.39,8,0,104.49,-78.52,Series A,183.01,-200.94
Altum Credo,Pune,213,Fintech,2016,1,543.79,5,0,118.76,19.98,Series C,,-199.91
AltUni,Mumbai,103,EdTech,2013,1,7.9,2,0,5.78,-2.33,Seed,9.62,-44.05101
Amagi,Bengaluru,762,"Media,",2008,1,2533.82,9,2,724.71,-321.26,Series F,1039.58,-246.83
Amaha,Mumbai,157,Healthcare,2015,1,77.22,3,0,13.81,-23.41,Series A,37.12,-30.72
Amama,Delhi,23,E-commerce,2022,1,2.07,1,0,6.27,-0.3461,Seed,6.73,-154.0354023
Amber,Pune,659,Hospitality,2016,1,184.44,3,0,55.22,-3.19,Series A,57.39,-1.55
Amikus AI,Bengaluru,4,LegalTech,2021,1,1.53,2,0,,-0.6023,pre-Seed,0.6023,-62.07680742
AMPM,Noida,104,E-commerce,2002,1,20.62,2,0,26.31,-0.826,Angel,27.47,-154.0354023
Anar,Mumbai,109,E-commerce,2019,0,47.5,2,0,1.43,-17.32,Seed,18.76,-154.0354023
AnKaSumMor,Bengaluru,18,Consumer Tech,2018,1,17.6,4,0,7.8,-5.43,pre-Series A,13.24,-4.03
Annapurna Finance,Bhubaneshwar,1988,Fintech,2009,1,2707.15,29,0,1569.57,32.72,Secondary,1525.39,-1367.98
ANS Commerce,Gurugram,256,E-commerce,2017,1,18.6,3,0,39.92,-58.16,pre-Series A,97.97,-15.35
Antwalk,Bengaluru,175,EdTech,2019,1,68.11,3,0,0.0729,-0.342,Series A,0.5339,-0.0415
Anveshan,Bengaluru,53,"Food & Beverages,",2019,1,19.98,3,0,31.4,-7.47,pre-Series A,38.89,-77.995
Anveya Living,Bengaluru,50,Beauty & Wellness,2018,0,46.36,6,0,46.26,-7.5,Series A,52.85,-9.95
Apeiron Mobility,Bengaluru,7,Travel Tech,2016,1,2.19,3,0,8.53,0.6627,Angel,7.83,-97.445
Apna,Bengaluru,946,HR Tech,2019,1,1417.52,5,0,188.11,-120.3,Series C,308.42,-136.3
Apna Mart,Bengaluru,85,E-commerce,2021,1,117.18,3,0,32.19,-21.8,Series A,53.89,-23.38
Apnaklub,Bengaluru,167,E-commerce,2020,1,190.78,7,0,280.98,-55.63,Pre-Series B,332.4,-65.21
Applop,Gurugram,7,IT/ ITeS,2015,1,3.67,2,0,,-0.00035758,Seed,35758,0.2564666666666666
AppsForBharat,Bengaluru,96,Spiritual Tech,2020,1,251.07,3,0,6.38,-44.97,Series B,47.93,-2.58
Aqgromalin,Chennai,103,Agritech,2020,1,40.75,2,0,75.93,-34.43,Seed,,-41.62
Aquaconnect,Chennai,84,"Agritech,",2017,1,255.44,7,0,34.7,-11.18,pre-Series B,,-18.78
AquaExchange,Bhimavaram,17,Aquatech,2020,1,81.11,3,0,76.85,-4.87,Series A,81.73,-62.07680742
Arrivae,Mumbai,330,Décor,2017,1,195.84,4,0,43.46,-27.39,Series B,81.5,-39
Artium Academy,Mumbai,209,EdTech,2020,1,43.83,3,0,7.49,-17.73,Series A,25.22,-15.25
Arzooo,Bengaluru,516,E-commerce,2018,1,703.43,10,0,1118.23,-62.98,Series B,,-82.53
Assert AI,Mumbai,62,SaaS,2018,1,53.53,3,0,5.92,-4.59,Series A,10.52,-4.89
Assetplus,Chennai,65,Fintech,2016,1,31.37,2,0,6.1,-7.78,Series A,13.88,-7.87
Astrome,Bengaluru,46,Deeptech,2015,1,36.43,7,0,0.4772,-6.67,Series A,,-3.5
Astrotalk,Noida,713,Astrology,2017,1,367.32,3,0,283.97,8.47,Series A,268.67,36.08
Ather Energy,Bengaluru,2685,Automotive Tech,2013,1,4871.61,21,0,1789.1,-1059.7,Series G,,-267.6
Atlys,Gurugram,121,Visa booking,2022,1,298.53,3,0,4.18,0.3749,Series B,3.7,12.23
Atomberg Technologies,Mumbai,472,"Consumer Tech,",2012,1,1022.41,9,0,649.04,-138.35,Series C,787.39,-100.01
Attero,ROORKEE,189,Cleantech,2008,1,202.15,3,0,288.86,20.93,Series C,281.19,10.1
AuditCue,Chennai,10,SaaS,2022,1,12.49,1,0,0.1384,-0.6858,Seed,0.8242,-0.9038
Aulerth,Gurugram,9,Beauty & Wellness,2021,1,8.25,1,0,1.02,-3.3,Seed,4.33,-6
Auric,Delhi,58,"Food & Beverages,",2017,1,23.21,5,0,17.06,-8.22,Seed,25.33,-77.995
AuthBridge,Gurugram,1246,HR Tech,2005,1,75.29,6,1,159.65,-2.85,Series B,160.77,9.29
Automovill,Bengaluru,48,Automotive Tech,2015,1,10.24,7,0,8.25,-2.24,pre-Series A,10.84,-75.86182381
Auxilo,Mumbai,263,Fintech,2017,1,1389.92,9,0,367.32,69.21,Debt Financing,,-1202.12
Avail Finance,Bengaluru,185,Fintech,2017,1,299.47,9,0,11.9,-33.9,Series B,45.78,-20.79
Avanti,Bengaluru,65,Fintech,2017,1,405.91,3,0,113.66,-81.53,Series B,195.2,-230.12
Avataar,Bengaluru,269,Artificial Intelligence/Machine Learning,2014,1,414.53,7,0,17.98,-63.49,Series B,81.41,-64.72
AVIOM India Housing,Delhi,573,Fintech,2016,1,584.31,10,0,241.9,16.06,Debt Financing,219.91,-305.99
Avishkaar,Delhi,88,Robotics,2010,1,10.91,3,0,6.48,-7.63,Seed,,-133.09
Awaz,Bengaluru,42,HR Tech,2022,1,0.9523,1,0,,-0.5276,Seed,0.5276,-43.73888889
Awfis,Delhi,375,Prop Tech,2015,1,704.79,9,0,874.8,-17.56,Series E,,228.39
Awiros,Gurugram,68,Artificial Intelligence/Machine Learning,2015,1,59.57,2,0,14.37,-1.87,Series A,16.48,-26.2587125
Aye Finance,Gurugram,1886,Fintech,2014,1,2610.11,19,0,643.34,56.78,Series G,571.94,-730.13
Ayu Health,Bengaluru,254,Healthcare,2019,1,302.13,5,1,17.47,-83.73,Series B,101.2,-7.033972414
AyuRythm,Bengaluru,10,Healthcare,2016,1,6.24,5,0,0.0768,-1.63,Seed,1.7,-7.033972414
Azah,Delhi,5,Personal care,2018,0,2.81,2,0,4.49,-1.12,Seed,,-42.01
Azani,Bengaluru,28,"Beauty & Wellness,",2017,1,23.81,4,0,7.03,-4.36,Series A,,-4.69
Baaz,Bengaluru,26,"E-commerce,",2020,1,8.52,5,0,0.9667,-2.04,Seed,3,-2.14
Baaz Bikes,Delhi,55,Automotive Tech,2019,1,81.6,2,0,0.7924,-4.86,Series A,5.52,-8.43
Baazi Games,Delhi,340,Gaming,2014,1,76.75,2,1,233.86,17.45,Series B,210.34,15.28
Backspace,Chennai,12,"SaaS,",2020,1,3.59,1,0,,-0.00040387,Seed,,3.32288
Bakingo,Gurugram,88,Food & Beverages,2016,1,133.18,1,0,72.73,0.6545,Private Equity,71.85,-3.32
Bambinos,Bengaluru,108,EdTech,2020,1,4.09,2,0,4.58,-0.4341,Seed,5.01,-44.05101
Bambrew,Bengaluru,41,E-commerce,2018,1,79.2,3,0,44.23,-18.03,Seed,62.23,-18.95
BankBazaar,Chennai,564,Fintech,2008,1,815.46,9,0,160.22,-36.71,Series D,196.93,-27.3
BathStory,Bengaluru,7,Décor,2021,1,0.7985,1,0,1.36,-0.3154,Seed,1.68,-44.2
Battery Smart,Gurugram,205,Automotive Tech,2019,1,1573.88,9,0,63.55,-64.51,Series B,128.07,-84.92
Battrixx,Mumbai,387,Automotive Tech,1962,1,301,1,3,614.65,33.81,Seed,,32.25
BatX,Gurugram,43,Cleantech,2020,1,58.55,5,0,21.9,0.1175,Pre-Series A,21.78,8.78
Beanly,Delhi,10,Food & Beverages,2021,1,1.3,1,0,1.66,-0.0488,Seed,1.72,-8.97
Beardo,Ahmedabad,145,Grooming,2015,0,11.21,3,0,95.62,0.7551,Seed,,-9.52
BeatO,Delhi,263,Healthcare,2015,1,412.76,10,1,22.76,-56.28,Series B,79.05,-7.033972414
Bebe Burp,Surat,10,Food & Beverages,2018,1,11.57,5,0,2.66,-0.5194,pre-Series A,3.18,-8.97
Beco,Mumbai,107,"D2C,",2018,1,111.67,3,0,24.97,-3.89,pre-Series B,28.87,-96.88033333
BeepKart,Bengaluru,74,Automotive Tech,2020,1,157.33,5,0,21.86,-27.88,Series A,47.63,-34.14
Bellatrix Aerospace,Bengaluru,34,Space Tech,2015,1,85.78,3,0,0.6955,-6.31,Series A,5.57,-7.55
BellaVita,Gurugram,217,Personal care,2018,1,479.73,2,2,185.96,-42.13,Debt Financing,228.45,-42.01
Bepure,Mumbai,8,Home and kitchen appliances,2016,1,1.25,1,0,4.32,-0.1721,Seed,4.49,-62.07680742
Bert Labs,Bengaluru,29,IT/ ITeS,2017,1,10.47,5,0,0.0542,-0.9182,Angel,0.9621,-0.5006
Better Beauty,Delhi,4,Beauty & Wellness,2022,1,1.58,1,0,0.0961,-0.4296,Seed,0.5257000000000001,-7.256666667
BetterPlace,Bengaluru,908,HR Tech,2015,1,630.28,8,8,533.92,-132.01,Series C,665.93,-125.71
Bewakoof,Bengaluru,380,E-commerce,2012,0,270.55,6,0,229.43,-12.74,Series B,241.78,-53.51
BeyondSkool,Mumbai,258,EdTech,2020,1,14.58,1,0,10.39,-17.05,Seed,27.45,-19.05
BGAUSS,Mumbai,94,Automotive Tech,2020,1,52,1,0,105.21,-25.84,Series A,131.05,-59.87
Bhanzu,Hyderabad,407,EdTech,2020,1,135.92,2,0,51.28,-70.99,Series A,122.42,-27.59
BharatAgri,Bengaluru,247,Agritech,2017,1,129.91,7,0,3.55,-28.62,Series A,,-31.29
BharatPe,Delhi,1810,Fintech,2018,1,5114.67,13,3,1167.51,-926.96,Debt Financing,2108.54,-932.36
BharatX,Bengaluru,18,Fintech,2019,1,36.67,2,1,0.5264,-8.32,Seed,8.85,-145.3999127
Bibo,Bengaluru,10,Healthcare,2020,1,3.48,6,0,0.6555,-0.806,Seed,1.46,-7.033972414
Biddano,Pune,76,Healthcare,2016,1,46.24,5,0,13.56,-19.41,Series A,32.97,-14.57
Big Bang Food Tech,Delhi,19,Foodtech,2021,1,4.82,1,1,0.6978,-0.4805,Seed,,-37.3
BigBasket,Bengaluru,11725,E-commerce,2011,0,7246.12,19,6,10099.8,-1415.28,Series G,,-1103.42
BigHaat,Bengaluru,193,Agritech,2015,1,218.69,7,0,645.09,-35.06,Pre-Series C,673.08,-98.45
Bigspoon,Ahmedabad,74,Foodtech,2019,1,118.9,5,0,17.5,-15.02,Series A,,-11.21
Bigyellowfish,Chennai,23,SaaS,2018,1,24.31,5,0,3.53,-2.96,Seed,7.26,-0.8645
Bijak,Gurugram,289,Agritech,2019,1,253.46,3,0,813.48,-46.11,Series B,859.6,-142.42
Bijnis,Delhi,555,"B2B,",2015,1,321.64,8,0,64.5,-99.57,Series B,164.07,-93.48
Bike Bazaar,Pune,385,Automotive Tech,2017,1,506.94,7,0,263.03,0.5975,Debt Financing,,-101.17
Billdesk,Mumbai,579,Fintech,2000,1,1658.16,5,1,2765.45,141.91,Series C,2561.53,-121.63
BillionLoans,Bengaluru,6,Fintech,2016,1,15.54,4,0,1.36,-0.638,Seed,2,-4.93
BimaKavach,Bengaluru,22,Fintech,2021,1,15.96,1,0,0.5538000000000001,-5.14,Seed,,-6.19
Binocs,Bengaluru,17,Blockchain,2022,1,32.03,1,0,1.03,-4.43,Seed,5.47,-62.07680742
BiofuelCircle,Pune,38,Biotech,2020,1,74.64,4,0,10.86,-6.82,Series A,19.33,-123.71
BioPrime,Pune,22,",",2016,1,16.38,4,0,3.38,-3.42,Seed,6.71,-62.07680742
Biryani Blues,Gurugram,121,Foodtech,2011,1,59.8,13,0,69.14,-15.42,Series B,83.8,-1.9
Biryani by Kilo,Gurugram,313,Foodtech,2015,1,416.65,11,1,221.75,-100.7,Series C,321.39,-91
BizeeBuy,Delhi,13,SaaS,2013,1,2.9,1,0,0.0565,-0.8849,Seed,0.9593,-15.59345238
Bizongo,Mumbai,356,E-commerce,2015,1,1965.31,14,3,185.01,-291.57,Series E,476.58,-646.28
BizzTm,Gurugram,91,E-commerce,2020,1,10.59,2,0,42.89,-18.83,Seed,61.73,-18.04
Black Bow Whisky,Delhi,22,Food & Beverages,2012,1,6.6,1,0,13.42,-2.26,pre-Series A,15.69,-4.88
Blackbuck,Bengaluru,3114,Logistics/Supply Chain,2015,1,2621.29,13,0,723.59,-290.49,Debt Financing,1013.91,-124.21
BlackLight Studio Works,Noida,49,Gaming,2011,1,6.85,1,0,7.86,-0.2343,Seed,8.17,-0.76
Blinkit,Gurugram,6712,Quick Commerce,2013,0,4917.17,11,2,747.7,-1191.5,Debt Financing,1939.2,-1210
BlissClub,Bengaluru,144,E-commerce,2020,1,156.67,3,0,72.12,-35.71,Debt Financing,107.84,-57.42
Bloom Hotels,Delhi,439,Hospitality,2011,1,362.61,5,0,149.64,5.8,Series c,143.84,-19.8
Blue Sky Analytics,Gurugram,28,Analytics/Data Management,2019,1,9.33,2,0,4.13,-3.14,Seed,7.28,-62.07680742
Blue Tokai Coffee,Delhi,300,Food & Beverages,2012,1,652.08,10,0,128.72,-42.98,Series C,165.61,-39.96
BlueLearn,Bengaluru,132,EdTech,2021,1,31.16,2,0,,-3.09,Seed,3.09,-44.05101
BlueRickshaw,Delhi,19,"B2B,",2020,1,4.13,3,0,0.1833,-0.9246,Angel,1.11,-0.4196
BlueSemi,Hyderabad,13,Healthcare,2017,1,4.18,4,0,0.3665,-0.5299,Seed,,-7.033972414
Bluestone,Bengaluru,811,E-commerce,2011,1,2029.7,12,0,1303.49,-142.23,Series H,,-181.16
BluSmart,Gurugram,387,Automotive Tech,2019,1,1245.25,11,0,70.9,-215.92,Pre-Series B,286.83,-211.08
Bodhi,Delhi,55,Spiritual Tech,2020,1,6.95,2,0,4.67,-1.46,Seed,6.65,-2.58
Bodhi AI,Jaipur,45,EdTech,2017,1,1.65,1,1,2.9,0.2266,Seed,2.61,-44.05101
Boingg,Gurugram,22,E-commerce,2020,1,6.31,4,0,4.16,-2.19,Seed,7.13,-154.0354023
Bold Care,Mumbai,18,Healthcare,2019,1,23.43,2,0,31.54,-15.89,Seed,47.44,-11.27
Bold Finance,Mumbai,14,Fintech,2021,1,14.18,2,0,0.4914,-1.43,Seed,2.36,-145.3999127
Bolo Live,Gurugram,46,Social Media,2015,1,70.62,5,0,8.48,-7.07,Series B,,-26.35
BookMyShow,Mumbai,1092,Entertainment,2007,1,1490.2,4,7,1026.58,85.11,Series D,940.86,227.97
Bounce,Bengaluru,746,Automotive Tech,2014,1,1663.27,11,2,99.1,-197.16,Undisclosed,297.38,-113.5
Boutique Spirit,Delhi,79,Food & Beverages,2016,1,131.16,8,0,80.21,-18.01,Series A,,-23.79
Braingroom,Chennai,19,EdTech,2015,1,1.5,1,0,0.3002,-0.311,pre-Seed,0.6098,-44.05101
BrainGymJr,Mumbai,4,EdTech,2021,1,2.44,1,0,0.0716,-0.8096,Seed,0.8743000000000001,-44.05101
Breathe Well-Being,Delhi,136,Healthcare,2020,1,47.62,5,0,7.63,-21.52,Series A,29.19,-23.48
BRIGHTBLU,Mumbai,7,Automotive Tech,2019,1,13.51,2,0,0.7467,0.0487,Seed,0.6731,0.0479
BrightChamps,Hyderabad,1231,EdTech,2020,1,468.18,1,3,20.61,-159.53,series A,180.15,-125.83
Briskpe,Mumbai,28,Fintech,2023,1,41.74,1,0,,-0.00069726,Seed,69726,-145.3999127
Broker Network,Mumbai,787,Prop Tech,2020,0,282.77,5,0,17.92,-57.88,Series A,,-58.63
BrowserStack,Mumbai,1128,"Enterprise Tech,",2011,1,1808.72,2,4,625.33,114.31,Series B,471.61,75.24
BugBase,Delhi,24,IT/ ITeS,2021,1,4.29,2,0,0.2297,-0.9627,Seed,1.49,0.2564666666666666
BuildNext,Kerala,214,Construction,2015,1,34.92,5,0,13.89,-13.71,pre-Series A,,-62.07680742
Bullspree,Ahmedabad,24,Gaming,2020,1,11.82,4,0,2.39,-11.67,Seed,13.79,-7.02
Bummer,Ahmedabad,67,"E-commerce,",2020,1,16.01,5,0,7.83,-2.94,Seed,10.78,-2.83
Bureau,Mumbai,149,IT/ ITeS,2020,1,159.61,3,0,32,-1.86,Series A,33.11,2.51
Burger Singh,Gurugram,121,Foodtech,2013,1,100.27,8,0,58.92,-4.42,pre-Series B,63.35,-5.31
Burgerama,Gurugram,41,Foodtech,2018,1,7.15,2,0,18.84,-3.88,pre-Series A,22.8,-4.12
Burma Burma,Mumbai,61,Food & Beverages,2013,1,33.05,3,0,46.52,-3.64,Series A,50.98,-5.76
Buyofuel,Coimbatore,37,Energy Tech,2020,1,17.93,5,0,21.81,-5.05,pre-Series A,26.99,-5.33
Bytebeam,Bengaluru,37,SaaS,2019,1,25.11,2,0,7.98,0.558,Seed,7.32,0.4788
Campus 365,Gurugram,45,EdTech,2016,1,2.15,1,0,1.75,-0.9215,Seed,2.66,-44.05101
Canvaloop,Surat,7,E-commerce,2020,1,1.5,1,0,3.15,0.0986,Seed,,-0.8792
CapGrid,Gurugram,53,"B2B,",2020,1,61.2,2,0,44.33,-8.39,Series A,52.72,-11.83
Captain Fresh,Bengaluru,544,"Foodtech,",2019,1,1287.7,10,2,844.12,-295.79,Series C,1138.08,-463.38
CaratLane,Chennai,2207,Jewellery,2008,0,371.2,4,0,2187.89,82.08,Series D,2068.54,-233.58
Carbanio,Hyderabad,45,E-commerce,2017,1,10.7,3,0,3.92,-10.35,Seed,14.28,-154.0354023
CARD91,Bengaluru,69,Fintech,2020,1,106.34,4,0,3.52,-35.51,Seed,39.03,-145.3999127
CarDekho,Jaipur,2243,Used car marketplace,2008,1,4484.12,13,7,2408.41,-565.96,Series E,2921.21,-580.24
CareerLabs,Bengaluru,151,EdTech,2019,1,16.16,1,0,9.73,-0.1869,Seed,,-44.05101
CARS24,Gurugram,6703,Used car marketplace,2015,1,9478.43,13,0,5590.47,-467.76,Series G,6058.23,-805.06
CarTrade,Mumbai,383,Used car marketplace,2006,1,2229.14,10,4,555.22,19.97,Series H,,15.87
CASHe,Mumbai,273,Fintech,2016,1,588.51,12,2,577.75,26.33,Debt Financing,544.1,-453.9
Cashflo,Mumbai,108,Fintech,2019,1,99.02,2,1,6.73,-21.52,Series B,28.33,-17.43
Cashfree,Bengaluru,827,Fintech,2015,1,321.57,6,2,616.91,-133.06,Series B,749.96,-148.72
Cashify,Gurugram,1149,E-commerce,2009,1,1045.26,10,3,825.47,-147.97,Series E,973.44,-225.99
Cashinvoice,Mumbai,69,Fintech,2018,1,38.45,5,0,5.98,-3.74,Series A,9.78,-4.83
CashKaro,Gurugram,352,Fintech,2013,1,235.56,6,0,251.71,-11.08,Series C,262.8,-21.03
Castler,Delhi,17,Fintech,2020,1,60.7,6,0,1.63,-3.42,pre-Series A,5.05,-2.31
CBREX,Mumbai,45,HR Tech,2013,1,47.94,13,0,5.32,-4.36,Pre-series A,10.28,-5.6
Celcius,Mumbai,60,Logistics/Supply Chain,2020,1,179.7,5,0,42.67,-8.1,pre-Series B,50.76,-18.02
Celebal Technologies,Jaipur,2141,SaaS,2015,1,265.3,3,0,106.45,21.57,Debt Financing,,11.58
CelebritySchool,Mumbai,4,EdTech,2019,1,1.03,1,0,0.8401000000000001,-0.8089,Seed,1.64,-44.05101
Cercle X,Coimbatore,48,Cleantech,2020,1,6.77,2,0,42.9,-2.14,Seed,45.1,-1.53
Chaayos,Delhi,643,"Food & Beverages,",2012,1,733.65,13,0,253.4,-95.5,Series C,348.9,-99.48
Chai Point,Bengaluru,405,Food & Beverages,2010,1,489.01,12,0,206.27,-70.13,Series C,276.4,-39.44
Chai Waale,Chennai,24,Food & Beverages,2018,1,12.27,3,0,15.81,-1.82,Seed,17.51,-1.24
Chalo,Mumbai,235,Travel Tech,2014,1,968.26,6,2,108.5,-95.3,Series D,203.8,-117
Chara,Bengaluru,42,SaaS,2019,1,46.43,3,0,1.51,-5.25,Seed,6.77,-15.59345238
ChargeBee,Pune,1166,Fintech,2011,1,3483.07,9,3,437.82,37.36,Series H,385.43,-12.85
Chargeup,Delhi,31,Automotive Tech,2019,1,76.18,3,0,4.37,-8.91,pre-Series A,14.37,-6.64
ChattyBao,Delhi,25,E-commerce,2021,1,39.63,1,0,1.4,-2.36,Seed,3.76,-154.0354023
ChefKart,Gurugram,82,Consumer Tech,2020,1,18.36,2,0,0.7397,-12.54,Seed,16.16,8.076666666666666
CheQ,Bengaluru,40,Fintech,2021,1,132.29,3,0,2.11,-19.42,Seed,21.6,-13.56
Chingari,Bengaluru,223,Social Media,2018,1,361.47,6,0,113.11,-42.5,Series A,155.62,-26.35
Chqbook,Gurugram,211,Fintech,2017,1,94.56,8,0,24.54,-27.01,Pre-Series B,51.55,-26.26
Chumbak Design,Bengaluru,259,E-commerce,2010,0,249.73,14,0,71.13,-6.56,Undisclosed,77.69,-3.97
CitiusTech,Mumbai,5366,Healthcare,2005,1,677.1,2,3,3561.3,55.57,Series D,2873.27,393.78
CityCash,Mumbai,27,Fintech,2017,1,27,6,0,0.3212,-6.4,Seed ,6.73,-5.81
CityMall,Gurugram,973,E-commerce,2020,1,851.54,5,0,380.89,-144.95,Series C,525.8,-222.12
ClaimBuddy,Gurugram,76,Healthcare,2020,1,49.38,3,0,6.14,-0.7103,Series A,6.85,-7.033972414
ClassMonitor,Indore,99,EdTech,2016,1,14.84,4,0,7.77,0.0194,pre-Series A,7.73,-44.05101
Classplus,Noida,862,EdTech,2018,1,1197.67,8,1,264.66,-110.42,Series D,,-104.2
Clean Electric,Pune,20,"Automotive Tech,",2016,1,67.65,4,0,0.5851,-2.12,Series A,2.69,-5.69
Clear,Bengaluru,1170,"Fintech,",2011,1,1026.31,8,6,111.45,-232.59,Series C,335.91,-180.27
ClearDekho,Ghaziabad,177,E-commerce,2017,1,102.97,8,0,8.11,-6.8,Series A,14.92,-7.12
Cleartrip,Mumbai,660,Travel Tech,2005,0,311.7,6,1,96.11,-683.87,Acquired,779.99,-387.58
Clever Harvey,Mumbai,82,EdTech,2019,1,15.38,2,0,5.21,-4.07,Seed,10.49,-44.05101
Clinikally,Gurugram,37,Healthcare,2021,1,25.62,2,0,2.79,-0.0006161,Seed,,0.1168999999999999
Clinikk,Bengaluru,195,Healthcare,2016,1,70.88,7,0,16.88,-33.15,Series A,50.03,-31.59
CLIRNET,Mumbai,199,"Social Media,",2015,1,18.77,9,0,7.24,-4.8,Pre- Series A,12.08,-4.6
CloudTailor,Hyderabad,64,E-commerce,2020,1,9.27,2,0,5.63,-2.16,Seed,7.86,-154.0354023
Clove Dental,Delhi,1504,Healthcare,2011,1,961.57,2,0,240.74,-39.43,Series E,280.17,-11.96
Clovia,Noida,261,E-commerce,2012,0,177.61,4,0,295.51,-80.93,Series B,376.44,-230.2
Codedamn,Delhi,44,IT/ ITeS,2020,1,1.27,1,0,1.81,-0.478,Seed,2.28,0.2564666666666666
Codevidhya,Jaipur,61,EdTech,2016,1,7.46,3,0,3.33,-2.37,Seed,6.64,-44.05101
Coding Invaders,Pune,83,EdTech,2021,1,5.2,1,0,16.55,-9.27,Seed,25.97,-9.07
Coding Ninjas,Delhi,2304,EdTech,2016,0,178.5,3,0,58.22,-52.63,Series B,,-51.96
Cogoport,Mumbai,840,Logistics/Supply Chain,2016,1,446.73,5,0,104.85,-35.25,Series B,140.11,89.1
Cogos,Bengaluru,163,Logistics/Supply Chain,2016,1,38.29,6,0,59.4,-5.47,Debt Financing,66.66,-5.05
CoinDCX,Mumbai,704,"Crypto,",2018,1,1856.68,6,1,394.23,15.46,Series D,,95.43
CoinSwitch,Bengaluru,519,Fintech,2017,1,2252.29,4,0,96.35,-385.4,Series C,481.9,-150.47
Cold Love,Delhi,10,Ice cream brand,2019,1,3.01,2,0,2.48,-1.52,Seed,4.51,-62.07680742
CollegeDekho,Gurugram,919,EdTech,2015,1,494.6,6,6,171.13,-129.14,Series B,302.05,-105.94
Com Olho,Gurugram,4,Deeptech,2019,1,2.45,1,0,0.1463,-0.3745,Seed,0.5211,-65.368
Comet,Bengaluru,25,E-commerce,2023,1,54.69,2,0,0.0589,-0.5123,Series A,0.5711999999999999,-154.0354023
CommerceIQ,Bengaluru,493,"E-commerce,",2012,1,1453.65,4,1,94.32,13.34,Series D,76.39,1.31
ConnectedH,Gurugram,45,Healthcare,2018,0,19.66,4,0,1.99,-6.13,Seed,8.13,-7.033972414
ConsCent,Delhi,41,SaaS,2020,1,18.05,2,0,0.3084,-3.12,Convertible Debt,,-2.67
Contlo,Bengaluru,34,SaaS,2020,1,54.5,3,0,5.06,-0.3652,Series A,5.58,-1.94
ConveGenius,Nagpur,118,EdTech,2013,1,138.08,9,1,24.72,1.53,Series A,23.18,2.26
Convosight,Delhi,147,SaaS,2019,1,137.34,7,0,20.45,-17.89,pre-Series B,,-22.99
Cora Health,Bengaluru,21,Healthcare,2020,1,6.53,2,0,0.3217,-1.35,Seed,2.39,-7.033972414
Corrit Electric,Noida,9,Automotive Tech,2020,1,79.99,4,0,2.21,-0.7859,Series A,3.27,-0.1262
Country Delight,Gurugram,870,"D2C,",2015,1,1499.31,17,0,547.25,-186.45,Debt Financing,,-134.45
Courseplay,Mumbai,28,SaaS,2012,1,5.39,2,0,3.67,-1.16,Seed,,0.067
Coutloot,Mumbai,91,E-commerce,2016,1,122.27,10,1,0.9768,-15.71,Series A,16.69,-154.0354023
Coverfox,Mumbai,518,"Fintech,",2013,1,356.45,9,0,3.14,-10.4,Series D,,-52.105
Covvalent,Gurugram,23,Logistics/Supply Chain,2022,1,35.09,1,0,2.93,0.1482,Seed,2.73,1.49
CRED,Bengaluru,1208,Fintech,2018,1,6448.32,9,5,1484.63,-1347.47,Series F,2831.99,-912.85
CredAble,Mumbai,187,Fintech,2017,1,557.78,8,0,91.67,-22.39,Debt Financing,115.36,-42.66
Credgenics,Noida,305,"Fintech,",2018,1,627.43,4,0,90.25,-12.62,Series B,102.87,-32.86
Credilio,Mumbai,108,Fintech,2020,1,36.1,2,0,69.72,-8.49,pre-Series A,78.21,-13.17
Credit Fair,Mumbai,52,Fintech,2018,1,206.07,5,0,19.7,0.5762,Debt Financing,16.02,-17.61
CredoPay,Chennai,59,Fintech,2014,1,55.66,6,0,22.63,-5.46,Pre- Series A,27.57,-3.51
CredR,Bengaluru,317,Automotive Tech,2015,1,274.68,9,0,35.62,-21.76,Series B,62.86,-75.86182381
CrepDog Crew,Delhi,32,E-commerce,2019,1,4.86,1,0,12.61,0.185,Seed,12.37,-154.0354023
Crib,Bengaluru,44,Prop Tech,2021,1,23.3,4,0,0.0375,-0.9023,Seed,,84.88
CrickPe,Delhi,5,Gaming,2022,1,28.45,1,0,0.0432,-1.05,Seed,1.45,165.34656923076923
CRIF High Mark,Bengaluru,294,Fintech,2005,1,55.8,3,0,208,53.07,Debt Financing,135.51,48.18
CropIn,Bengaluru,236,Agritech,2010,1,405.81,15,0,30.18,-83.88,Pre-Series D,114.06,-74.46
CrowdAnalytix,Bengaluru,107,Artificial Intelligence/Machine Learning,2012,1,307.59,4,0,29.06,7.58,Series A,22.18,-0.2361
Crypso,Bengaluru,34,Fintech,2021,1,32.14,2,0,4.12,-4.86,Seed,8.98,-2.85
Cube Club,Mumbai,24,Fitness/Nutrition Brand,2020,1,9.15,1,0,5.75,-1.51,Seed,7.27,-44.14
Cuemath,Bengaluru,2586,EdTech,2013,1,942.8,9,0,126.05,-234.69,Series D,360.38,-204.94
CultYvate,Bengaluru,24,Agritech,2016,1,5,2,0,3.19,-0.8908,pre-Series A,,-65.73210526
CureBay,Bhubaneshwar,45,Healthcare,2020,1,119.09,3,0,1.77,-15.98,Series A,17.72,-15.24
Curefoods,Bengaluru,294,Foodtech,2020,1,1529.11,10,13,411.55,-342.73,Debt Financing,754.28,-181.03
Curelink,Gurugram,105,Healthcare,2021,1,26.61,1,0,1.69,-10.03,Seed,11.71,-7.033972414
Curelo,Gurugram,78,Healthcare,2022,1,10.84,2,0,0.6352,-3.85,pre-Series A,4.49,-7.033972414
CureSkin,Bengaluru,135,Healthcare,2017,1,208.68,4,0,35.89,-28.07,Series B,63.97,-24.98
CuriousJr,Gurugram,23,EdTech,2020,1,7.43,1,0,0.9873,-2.39,Seed,3.37,-44.05101
CUSMAT,Bengaluru,41,EdTech,2016,1,37.23,6,0,1.85,-5.38,Seed,7.23,-44.05101
Cutbox,Pune,6,B2B,2022,1,1.25,1,0,0.4354,-0.7028,Seed,1.14,-62.07680742
Cyborgintell,Bengaluru,25,Artificial Intelligence/Machine Learning,2018,1,12.08,2,0,4.46,-1.44,Seed,6,-0.6636
Cybrilla,Bengaluru,44,Fintech,2010,1,29.45,3,0,2.69,-6.56,Seed,9.52,-4.15
Cygni Energy,Hyderabad,143,Automotive Tech,2014,1,213.24,10,0,106.67,0.2527,Series B,106,-20.16
CynLr,Bengaluru,22,"Robotics,",2019,1,39.71,2,0,1.13,-5.03,pre-Series A,6.16,-7.26
Daalchini,Noida,48,"Foodtech,",2017,1,48.43,5,0,22.55,-13.14,Series A,30.33,-6.88
Dacby,Gurugram,5,Gaming,2021,1,1.19,1,0,1.41,-0.2241,Seed,1.64,165.34656923076923
DailyBee,Hyderabad,7,Retail Tech,2021,1,1.25,1,0,1.51,0.0261,Seed,1.42,-62.07680742
DailyNinja,Bengaluru,112,E-commerce,2015,0,54.37,5,2,0.024,-0.6879,Series A,0.7120000000000001,-0.1525
DailyObjects,Gurugram,92,E-commerce,2012,1,114.51,8,0,63.24,0.065,Series B,63.13,-7.21
DailyRounds,Bengaluru,330,Healthcare,2014,0,11.2,2,0,566.41,281.48,Series A,187.57,324.78
DaMENSCH,Bengaluru,156,E-commerce,2018,1,220.86,5,0,77.57,-62.34,Series B,139.92,-71.94
DanaMojo,Bengaluru,13,Fintech,2016,1,3,1,0,0.8029000000000001,-0.3216,Seed,1.12,-0.2369
DarwinBox,Hyderabad,1064,HR Tech,2015,1,850.49,7,0,249.5,-154.03,Series D,407.21,-111.54
Datoms,Bengaluru,45,IT/ ITeS,2015,1,15.18,2,0,4.15,-2.75,Pre-Series A,6.86,-1.24
DCGpac,Gurugram,81,E-commerce,2005,1,20.69,4,0,79.86,-1.41,pre-Series A,81.61,-3.54
DealShare,Jaipur,1467,E-commerce,2018,1,2995.78,9,0,2054.92,-502.73,Series E,2557.65,-476.94
Deciml,Pune,15,Fintech,2021,1,7.73,2,0,21300,-2.59,pre-seed,2.58,-145.3999127
Deconstruct,Bengaluru,25,"D2C,",2020,1,18.49,2,0,6.73,-7.31,Seed,14.04,-96.88033333
Deep Eigen,Bhopal,6,EdTech,2019,1,1.87,1,0,61000,-0.0707,Seed,0.0777,-44.05101
Deep Rooted,Bengaluru,101,Agritech,2018,1,153.54,5,0,81.36,-47.07,Series A,129.24,-83.12
Deepsight AI Labs,Gurugram,15,Artificial Intelligence/Machine Learning,2018,1,2.43,2,0,2.2,0.6338,Angel,1.57,-26.2587125
DeHaat,Gurugram,1088,Agritech,2012,1,1712.38,10,5,1996.85,-1092.07,Series E,3091.25,-296.2
Delhivery,Gurugram,18600,Logistics/Supply Chain,2011,1,11434.2,13,5,8594.23,-249.18,Pre-IPO,,472.4
Deluxe Recycling,Mumbai,16,Renewable Energy,1999,1,36.88,2,0,27.46,-0.9919,Seed,28.28,-3.56
Design Cafe,Bengaluru,700,Décor,2016,1,462.29,6,0,111.96,-72.1,Series B,184.07,-49.4
Designx,Noida,44,IT/ ITeS,2015,1,2,1,0,1.93,-0.6212,Seed,2.52,0.2564666666666666
Detect Technologies,Chennai,433,Artificial Intelligence/Machine Learning,2016,1,356.55,7,0,26.14,-34.85,Series B,61.05,-43.4
Devtron,Gurugram,54,SaaS,2019,1,100.44,2,0,0.639,0.4545,Series A,0.1299,-15.59345238
Dezerv,Mumbai,105,Fintech,2021,1,482.17,3,0,1013.09,-50.81,Series B,1070.77,-74.79
DGV,Bengaluru,60,Fintech,2019,1,76.59,3,0,0.8509,-14.1,Series A,14.95,-145.3999127
Dhiway,Bengaluru,19,"Security Solution,",2019,1,11.84,3,0,0.5844,-4.24,pre-seed,,-62.07680742
DhiWise,Surat,67,"SaaS,",2021,1,75.5,3,0,2.06,-7.52,Series A,9.6,43.39
Dhurina,Gurugram,130,EdTech,2019,1,9.75,2,0,7.39,-3.38,Seed,11.84,-44.05101
Digantara,Bengaluru,39,Space Tech,2020,1,116.18,3,0,0.6243,-3.54,Series A,4.28,-9.6239
Digi2L,Mumbai,14,Consumer Tech,2015,1,2.81,1,0,0.2504,-4.81,Seed,5.05,8.076666666666666
Digiboxx,Mumbai,37,SaaS,2020,1,13,2,0,0.2115,-5.07,pre-Series A,8.78,-15.59345238
DigiMaze,Mumbai,70,Adtech,2019,1,5.3,1,0,68.89,5.78,Seed,61.17,1.95
Digit Insurance,Bengaluru,1487,Fintech,2016,1,4067.63,9,1,8442.74,181.68,Undisclosed,,1720.47
Disprz,Mumbai,304,"EdTech,",2015,1,387.16,9,0,56.02,-60.12,Series C,116.11,-52.88
Ditto Insurance,Bengaluru,507,Insurance,2018,1,34,2,0,15.84,-1.19,Seed,17.45,-0.2698
DMI Finance,Delhi,419,Fintech,2008,1,11992.93,11,2,1662.04,314.51,Series G,1229.54,-1680.59
D-Nome,Hyderabad,3,Healthcare,2021,1,12.76,3,0,0.1121,-0.4015,Seed,0.514,-7.033972414
Doceree,Delhi,143,"Adtech,",2019,1,495.8,5,0,26.64,-1.53,Series B,28.17,-0.5492
DocPlix,Lucknow,44,Healthcare,2021,1,9.08,3,0,0.2229,-1.56,Series A,1.78,-7.033972414
Dogsee Chew,Bengaluru,29,Pet Care,2015,1,104.45,4,0,98.7,-26.31,Series A,125.4,-44.33
Done Deal,Mumbai,16,SaaS,2022,1,6.66,1,0,,-0.1763,Seed,0.1762999999999999,-15.59345238
Dorje Teas,Darjeeling,4,Food & Beverages,2021,1,0.2481,1,0,1.26,-0.4997,Angel,1.76,-8.97
DotPe,Gurugram,551,E-commerce,2019,1,715.48,3,1,36.87,-71.3,Series B,108.17,-83.97
Doubtnut,Gurugram,1169,EdTech,2016,0,378.02,7,0,21.7,-76.34,Convertible Notes,98.04,-58.21
Dozee,Bengaluru,253,Healthcare,2015,1,235.74,9,0,3.42,-84.43,Series A,87.85,-73.12
DPDzero,Bengaluru,16,Fintech,2022,1,31.02,2,0,3.96,0.2865,Seed,3.58,0.1589
Dream11,Mumbai,1463,Gaming,2008,1,11536.89,4,2,6580.84,187.83,Series E,5838.73,1481.04
DrinkPrime,Bengaluru,130,Consumer Tech,2016,1,136.51,12,0,30.1,-27.38,Debt Financing,57.48,8.076666666666666
Drivers4Me,Kolkata,36,Automotive Tech,2018,1,3,1,0,0.9449,0.0415,Seed,0.8887,-75.86182381
Drivio,Gurugram,26,Fintech,2022,1,8.28,1,0,1.57,-0.5199,Seed,2.09,-0.887
Drona Pay,Mumbai,21,Fintech,2021,1,3.2,1,0,1.35,-2.55,Seed,3.91,-1.98
Droom,Gurugram,383,E-commerce,2014,1,2376.82,9,1,262.62,-62.14,Series E,325.36,-60.71
Druva,Pune,1236,"SaaS,",2008,1,3281.64,10,3,345.73,30.69,Series H,305.21,15.68
DSLR Technologies,Bengaluru,44,E-commerce,2021,1,53.66,1,0,2.66,-10.04,Seed,12.5,-154.0354023
Dunzo,Bengaluru,3201,Quick Commerce,2014,1,3628.73,21,0,252.6,-1801.8,Convertible Notes,2054.4,-1299.2
Duroflex,Bengaluru,457,E-commerce,1963,1,614.54,3,0,1070.27,-15.47,Series C,1074.76,70.4
DUX Education,Bengaluru,27,EdTech,2020,1,2,2,0,0.9859,-0.0109,Seed,0.9968,-44.05101
Dvara SmartGold,Mumbai,31,Fintech,2019,1,14.93,1,0,18.06,-7.95,Seed,26.02,-6.07
DWIJA FOODS,Mumbai,22,Foodtech,2020,1,5.11,1,0,11.05,-0.5642,Seed,11.57,-37.3
Dybo,Bengaluru,4,"SaaS,",2019,1,1.2,1,0,0.0591,-0.4291,Seed,0.4931,3.32288
E42,Pune,86,Artificial Intelligence/Machine Learning,2012,1,40.53,1,0,8.85,-20.7,Series A,21.67,-11.63
Early Steps Academy,Bengaluru,33,EdTech,2021,1,9,1,0,2.26,-0.8747,Seed,3.13,-44.05101
Earth Rhythm,Gurugram,58,"D2C,",2020,1,69.42,2,0,26.02,-16.53,Series A,46.13,-96.88033333
Easebuzz,Pune,296,Fintech,2014,1,29.35,1,0,235.98,0.94,Seed,234.76,28.25
EaseMyTrip,Delhi,844,Travel Tech,2008,1,84.67,1,5,609.08,103.46,Post-IPO,,124.11
Easy to Pitch,Delhi,27,Fintech,2017,1,0.9593,1,0,0.5937,-0.1339,Seed,,-145.3999127
EasyEcom,Bengaluru,112,SaaS,2015,1,13.46,3,0,7.01,-4.4,Series A,12.6,-4.6
EasyRewardz,Gurugram,260,SaaS,2011,1,81.14,11,0,45.65,-19.59,Series B,65.25,-18.3
Eat Better,Jaipur,16,Food & Beverages,2020,1,5.31,2,0,5.54,-1.18,Seed,6.72,-8.97
Ecom Express,Gurugram,8444,Logistics/Supply Chain,2012,1,2077.93,11,0,2652.89,-255.87,Series C,,313.32
Ecozen,Pune,143,Deeptech,2010,1,377.46,10,0,295.49,5.76,Series C,289.56,-55.66
EdgeGrid,Hyderabad,18,Cleantech,2020,1,45.48,1,0,1.45,-4.28,Seed,5.74,-5.08
Edmingle,Bengaluru,32,EdTech,2016,1,10.37,2,0,1.59,-0.4313,Seed,,0.3712
EduFund,Ahmedabad,41,Fintech,2020,1,41.01,6,0,3.01,-5.8,pre-Series A,,-10.35
EduGorilla,Lucknow,184,EdTech,2016,1,30.64,5,0,11.15,-0.7616,Seed,12.27,-44.05101
Edukemy,Bengaluru,56,EdTech,2000,1,14.78,1,0,7.63,-4.9,Seed,12.54,-3.62
Eduncle,Kota,181,EdTech,2016,1,7.37,1,0,5.24,-2.58,Seed,7.81,-44.05101
Edustoke,Bengaluru,58,EdTech,2016,1,3,1,0,6.49,0.4079,Seed,7.4,-1.36
Eduvanz,Mumbai,271,Fintech,2016,1,411.51,13,1,52.38,-43.15,Series B,95.52,-205.27
Edverse,Gurugram,41,EdTech,2022,1,5.38,1,0,,-0.00062242,Seed,,-44.05101
Edvizo,Bengaluru,53,EdTech,2017,1,9.71,3,0,0.1045,-1.9,Angel,2,-44.05101
Eeki Foods,Kota,68,"Agritech,",2018,1,81.38,6,0,20.66,-4.59,Series A,25,-3.36
Eggoz Nutrition,Gurugram,102,Agritech,2017,1,119.51,7,0,55.48,-32.88,Series B,58.37,-26.07
Ekank Technologies,Delhi,63,Media,2020,1,7.5,1,0,3.2,-4.75,Seed,7.96,-62.07680742
Ekincare,Hyderabad,259,Healthcare,2014,1,161.79,6,0,40.87,-47.27,Series B,88.39,-50.11
ElasticRun,Pune,2777,Logistics/Supply Chain,2016,1,3409.41,7,0,4851.09,-618.82,Series E,5469.91,-493.72
ElectricPe,Bengaluru,70,Automotive Tech,2021,1,104.97,6,0,0.67,-11.02,pre-Series A,11.63,-75.86182381
Electrifuel,Gurugram,28,Manufacturing,2017,1,1.8,1,0,3.64,-0.2903,Seed,3.93,-1.44
Elemential Labs,Mumbai,5,SaaS,2015,0,6.62,2,0,0.0136,-1.64,Angel,,-15.59345238
Elevar Sports,Mumbai,18,E-commerce,2017,1,29.84,3,0,4.75,-3.51,Series A,8.26,-5.29
Elever,Bengaluru,15,Fintech,2020,1,5.89,2,0,0.0484,-5.12,Seed,6.72,-4.98
Eloelo,Bengaluru,106,"Streaming,",2020,1,298.79,4,0,2.07,-43.35,Series B,45.43,-21.01
Emflux Motors,Bengaluru,9,Automotive Tech,2016,1,5,4,0,0.4503,-0.2736,Seed,,-75.86182381
Emiza,Mumbai,100,Logistics/Supply Chain,2015,1,83.95,6,1,72.66,5.37,Series B,67.28,2.83
EMotorad,Pune,97,Automotive Tech,2020,1,213.28,4,0,127.95,-9.66,Series B,137.79,1.04
EndureAir,Noida,43,Drone,2019,1,13.51,1,0,2.33,-3.05,Seed,5.39,-8.22
Enercomp,Ahmedabad,52,Drone,2013,1,4.1,2,0,3.09,0.1432,Seed,2.95,-1.5
EnggOnline,Mumbai,35,EdTech,2005,1,26.58,1,0,0.8918,-5.31,pre-Series A,6.2,-2.2
Enkash,Mumbai,166,SaaS,2018,1,174.89,3,0,193.62,-38.46,Series B,232.08,-63.81
ENSUREDIT,Gurugram,52,Insurance,2019,1,39.04,4,0,15.95,-4.21,pre-Series A,17.31,-68.7766
Entero Healthcare,Faridabad,3111,Healthcare,2018,1,552.88,4,0,3305.72,-11.1,Series B,3309.4,-45.31
Entropik,Bengaluru,204,Artificial Intelligence/Machine Learning,2016,1,274.69,5,0,47.53,-27.02,Series B,74.55,-59.97
Entuple E-Mobility,Bengaluru,34,Automotive Tech,2019,1,24.89,2,0,0.289,-4.4,Seed,4.68,-4.69
EON Space Labs,Hyderabad,7,Space Tech,2021,1,4.19,1,0,0.1484,-0.1384,Seed,0.2843,-9.6239
Epigamia,Mumbai,211,"Food & Beverages,",2015,1,597.63,20,0,172.02,-67.01,Series D,239.03,-56.51
Epigeneres Biotech,Mumbai,58,"Healthcare,",2008,1,57.17,2,0,3.48,-9.72,Series B,14.38,-13.77
Erekrut,Delhi,260,HR Tech,2021,1,3.48,1,0,73720,-0.8927,pre-seed,0.8998999999999999,-43.73888889
Ergos,Bengaluru,303,Fintech,2012,1,177.91,8,0,224.35,-23.87,Series B,248.74,-21.73
Eruditus,Mumbai,154,EdTech,2010,1,4329.2,7,1,3364,-1049,Debt-Financing,4392,-686.35
Eske Paris,Mumbai,43,E-commerce,2012,1,14.99,2,0,8.51,-2.4,pre-Series A,10.91,-154.0354023
Ethereal Machines,Bengaluru,34,Deeptech,2014,1,175.33,3,0,2.66,-4.69,Pre-Series B,8.96,-4.61
Euler Motors,Delhi,362,Automotive Tech,2018,1,987.18,8,0,65.5,-174.73,Series C,240.14,-246.52
Eupheus Learning,Delhi,206,EdTech,2017,1,132.22,7,0,103.89,-19.92,Series C,125.58,-30.53
EVage,Chandigarh,68,Logistics/Supply Chain,2014,1,242.54,3,0,3.23,-24.25,Seed,27.35,-53.11
EVELABS,Thiruvananthapuram,19,Healthcare,2016,1,2.68,5,0,0.6687000000000001,-0.3396,Seed,0.1128999999999999,-7.033972414
Even,Bengaluru,242,Healthcare,2020,1,325.88,3,0,5.29,-41.2,Series A,47.34,-42.58
Evenflow,Bengaluru,59,E-commerce,2021,1,48.62,3,8,5.01,-9.03,pre-Series A,,-11.94
Everest Fleet,Mumbai,477,Automotive Tech,2016,1,619.62,6,0,469.45,41.22,Series C,414.36,84.47
Evify,Surat,14,Logistics/Supply Chain,2021,1,13.21,3,0,1.06,-2.26,pre-Series A,3.31,-9.511538462
Excess2Sell,Mumbai,13,E-commerce,2016,1,9.78,4,0,361.84,-3.27,Angel,365.19,-0.6606
Exotel,Bengaluru,448,"Enterprise Tech,",2011,1,645.57,6,3,446.66,-109.43,Series D,555.53,-108.43
Expertrons,Mumbai,525,EdTech,2019,1,45.81,4,1,14.44,-14.16,Series A,33.72,-15.58
Exponent Energy,Bengaluru,126,Renewable Energy,2020,1,380.72,5,0,0.2127,-2.18,Series B,,-3.56
Exprs,Hyderabad,24,Logistics/Supply Chain,2018,1,8,3,0,6.62,-1.3,Seed,7.93,-9.511538462
Exprto,Gurugram,80,EdTech,2021,1,5,1,0,0.7523000000000001,-0.0956,Seed,0.8386,-44.05101
Extramarks,Noida,4329,EdTech,2007,1,287.23,3,0,373.69,-330.6,Series C,694.17,-214.61
EyeMyEye,Gurugram,120,E-commerce,2021,1,90.87,4,0,32.45,-19.36,pre-Series A,51.82,-11.4
Eyestem,Bengaluru,19,Healthcare,2015,1,76.48,6,0,1.22,-13.1,Series A,14.32,-9.27
F5,Delhi,14,Foodtech,2018,1,13.95,3,0,1.24,-1.62,Angel,,-1.47
Faarms,Bengaluru,82,Agritech,2020,1,94.6,2,0,22.52,-3.85,Seed,27.62,-10.07
FabAlley,Noida,118,E-commerce,2012,1,179.72,13,0,189.79,-45.52,Series C,235.31,-42.08
FabHotels,Gurugram,717,Hospitality,2014,1,476.55,9,0,230.88,-5.22,Series C,236.1,-8.35
Fabindia,Delhi,2722,E-commerce,1960,1,297.7,5,0,1668.24,-121.07,Series B,1730.36,241.04
Fabriclore,Jaipur,55,Logistics/Supply Chain,2016,1,22.58,3,0,10.32,-4.19,Seed,14.49,-4.41
Fae Beauty,Mumbai,21,Beauty & Wellness,2019,1,10.07,6,0,3.14,-2.65,Seed,5.79,-7.256666667
FairTok,Kerala,15,Social Media,2020,1,2,1,0,,-0.0414,Seed,0.0414,-26.35
Falca,Bengaluru,52,Agritech,2018,1,25.15,3,0,289.31,-5.32,Seed,294.66,-23.1
FamPay,Bengaluru,164,Fintech,2019,1,314.33,3,0,17.01,-119.55,Series A,136.56,-109.57
FanClash,Gurugram,95,Gaming,2020,1,389.66,3,0,0.131,-2.21,Series B,2.34,-0.6104
Fanztar,Gurugram,13,Social Media,2022,1,5,1,0,0.1682,-2.23,Seed,2.4,-26.35
FarEye,Noida,647,Logistics/Supply Chain,2013,1,1105.12,9,2,166.4,-243.35,Series E,409.75,-261.21
FarMart,Gurugram,372,Agritech,2015,1,406.9,8,1,1044.3,-49.06,Debt Financing,1093.37,-164.09
Fasal,Bengaluru,205,Agritech,2018,1,153.61,5,0,35.5,-34.02,Series A,,-3.1
Fashinza,Gurugram,328,"B2B,",2020,1,1192.69,6,0,32.54,-5.35,Series C,,-3.78
FeetWings,Delhi,5,Healthcare,2019,1,1.11,1,0,,-0.0394,Seed,0.0533,-7.033972414
Fello,Bengaluru,27,Fintech,2021,1,8.72,4,0,0.5555,-4.77,Series A,5.33,-145.3999127
Fibmold,Mumbai,74,Cleantech,2022,1,105.15,2,0,0.3285,-0.1193,Series A,0.4478,3.0675
Fibroheal Woundcare,Bengaluru,20,Healthcare,2017,1,9.88,6,0,2.3,-1.3,Seed,3.52,-7.033972414
Fieldproxy,Chennai,40,SaaS,2016,1,7.95,3,0,0.144,-0.7385,Seed,0.8826,-15.59345238
FIITJEE,Delhi,3017,EdTech,1992,1,100,2,0,577.69,-68.62,Private Equity,630.9,-8.2
FinBox,Mumbai,97,Fintech,2015,1,124.4,3,0,36.2,-23.09,Series A,59.12,-145.3999127
Fingpay,Mumbai,39,Fintech,2016,1,27.99,2,0,143.11,8.74,Series A,131.81,19.83
Finnable,Bengaluru,242,Fintech,2016,1,41.6,2,0,100.32,-19.5,Series A,119.81,-10.9
Fino Payments Bank,Mumbai,5186,Fintech,2017,1,157.5,3,0,1478.38,86.22,Series A,,56.78
Fintso,Mumbai,69,Fintech,2019,1,33.97,2,1,4.65,-14.65,Series A,19.37,4.1
First Games,Noida,105,Gaming,2018,1,253.99,2,0,495.75,-22.84,Corporate Round,519.19,16.2
FirstCry,Pune,3268,E-commerce,2010,1,5807.58,10,3,6575.08,-321.5,Series E,,-42.07
FirstCure Health,Noida,13,Healthcare,2021,1,2.7,1,0,0.6347,-0.5564,pre-seed,1.19,-7.033972414
Fisdom,Bengaluru,375,Fintech,2015,1,359.31,8,1,67.47,-70.52,Series C,137.99,-98.29
Fitspire,Delhi,29,Fitness/Nutrition Brand,2020,1,4.94,4,0,3.36,-1.59,Seed,5.64,-44.14
Fitterfly,Mumbai,271,Healthcare,2016,1,118.45,2,0,5.15,-38.81,Series A,43.96,-35.06
Fittr,Pune,476,Fitness/Nutrition Brand,2016,1,129.1,4,0,86.11,-41.17,Series A,127.28,-44.14
Five Star,Chennai,705,Fintech,1984,1,5263.71,19,0,2195.1,835.91,Debt Financing,,-2122.34
Fixigo,Delhi,73,Automotive Tech,2018,1,3.69,1,0,6.22,-2.5,Seed,9.61,-75.86182381
FlashPrep,Bengaluru,6,EdTech,2020,1,7.39,2,0,2,-0.6162,Seed,,-44.05101
Flatheads,Bengaluru,64,"D2C,",2018,1,19.99,6,0,1.56,-3.11,Angel,4.68,-0.491
Fleek,Bengaluru,58,Fintech,2021,1,7.47,1,0,6.17,-17.24,Seed,23.5,-145.3999127
Fleetx,Gurugram,400,Logistics/Supply Chain,2017,1,195.19,6,0,46.15,-54.33,Series B,88.22,-9.511538462
FlexC,Gurugram,45,HR Tech,2020,1,3.57,1,0,1.87,-1.46,Seed,3.86,-43.73888889
FlexifyMe,Pune,35,Healthcare,2021,1,20.61,4,0,2.25,1.68,Seed,3.72,-7.033972414
FlexiLoans,Mumbai,227,Fintech,2016,1,1421.74,9,1,262.89,3.03,Series C,,46.75
Flickstree,Mumbai,52,Adtech,2016,1,74.13,6,0,46.85,-3.29,Series A,50.11,-2.65
Flintobox,Chennai,57,EdTech,2013,1,130.52,8,0,14.87,-5.6,Pre-Series B,20.96,-7.71
Flipkart,Bengaluru,46705,E-commerce,2007,1,92492.34,24,21,15044,-4026.5,Undisclosed,19043,-2663.1
Flo Mobility,Bengaluru,17,Robotics,2020,1,3,1,0,0.327,-1.24,Seed,1.56,-133.09
FloBiz,Bengaluru,367,"Fintech,",2019,1,324.29,3,0,44.91,4.96,Series B,38.3,6.3
Flynote,Bengaluru,35,Travel Tech,2017,1,15.47,1,0,1.7,-9.94,Seed,11.65,-9.31
Foodlink,Mumbai,259,Food & Beverages,2003,1,206.68,5,0,278.43,4.19,Series B,273.62,25
FoodyBuddy,Bengaluru,4,Foodtech,2015,1,20.5,5,0,1.69,1.56,pre-Series A,0.1346,-1.41
ForeignAdmits,Bengaluru,53,EdTech,2018,1,7.12,3,0,0.7851,-3.03,seed,3.81,-3.03
Foxtale,Mumbai,38,E-commerce,2021,1,187.08,3,0,14.39,-18.59,Series B,33,-21.4
Fraazo,Mumbai,584,Quick Commerce,2018,1,456.94,2,0,97.06,-135.1,Series B,231.14,-132.33
Fractal,Mumbai,4227,Artificial Intelligence/Machine Learning,2000,1,4914.56,4,6,2043.7,194.4,Private Equity,2225.2,-30.6
Freecultr,Delhi,41,"B2C,",2019,1,37.19,1,0,13.61,-5.68,Series A,19.3,-9.58
FREED,Gurugram,114,Fintech,2020,1,83.75,2,0,8.41,-4.54,Series A,,0.5297
Freight Tiger,Mumbai,212,Logistics/Supply Chain,2014,1,276.83,5,0,15.47,-41.62,Undisclosed,,-43.06
French Crown,Surat,45,E-commerce,2016,1,10.6,2,0,44.03,0.0849,Seed,43.95,-154.0354023
Frendy,Ahmedabad,112,E-commerce,2019,1,51.59,4,0,82.59,-10.61,Debt Financing,96.92,-14.51
Fresh From Farm,Delhi,5,Agritech,2021,1,20.68,3,0,7.71,-2.82,pre-Series A,10.32,-65.73210526
FreshMenu,Bengaluru,473,Foodtech,2014,1,219.54,6,0,73.98,-10.15,Series C,84.13,-38.25
FreshToHome,Bengaluru,445,"Foodtech,",2015,1,2507.47,8,0,129.3,-409.4,Series D,539,-495.17
Freshworks,Chennai,7812,SaaS,2010,1,3322.45,9,14,2166.49,219.24,Series H,1876.69,233.31
Frigate,Chennai,35,"SaaS,",2021,1,13.6,2,0,1.69,-0.4265,Seed,2.11,3.32288
FRND,Bengaluru,82,Social Media,2019,1,63.87,2,0,21.04,-13.43,Series A,34.47,-26.35
Frogo,Gurugram,19,Food & Beverages,2022,1,9.57,1,0,0.6937000000000001,-2.87,Seed,4.53,-8.97
Frontier Markets,Jaipur,81,E-commerce,2011,1,32.96,6,0,7.07,-23.51,Seed,30.5,-13.77
FrontRow,Bengaluru,361,EdTech,2020,0,132.19,3,0,9.02,-34.5,Series A,43.4,-44.05101
FS Life,Gurugram,108,E-commerce,2015,1,74,3,0,61.19,-10.04,Series A,71.14,-17.41
Ftcash,Mumbai,218,Fintech,2015,1,105.03,6,0,27.8,-9.68,Series A,38.56,-32.46
Fullife Healthcare,Mumbai,81,Healthcare,2009,1,325.14,9,0,144.97,-50.97,Angel,,-69.18
Fundflo,Pune,2,"SaaS,",2021,1,2.87,1,0,0.2544,-0.3968,Seed,0.6512,3.32288
Funstop,Delhi,11,Gaming,2020,1,12.49,1,0,0.8898999999999999,0.056,Seed,0.8122,165.34656923076923
Furlenco,Bengaluru,412,Consumer Tech,2012,1,2170.27,24,0,156.85,-125.41,Undisclosed,282.26,32.9
Fuselage Innovations,Kochi,18,Drone,2020,1,0.3,1,0,2.02,0.165,Seed,1.87,-10.52432
Futwork,Mumbai,169,HR Tech,2016,1,32.03,6,0,3.87,-3.78,Series A,7.72,-3.57
Fyle,Bengaluru,128,SaaS,2016,1,107.87,5,0,18.36,-22.12,Pre-Series B,40.49,-14.82
Gaana,Noida,162,Musictech,2010,1,1416.1,4,1,77.35,-194.31,Debt Financing,271.67,-88.31
GalaxEye,Bengaluru,73,Space Tech,2021,1,102.42,5,0,0.12,-3.56,Series A,3.68,-3.9
Galgal,Mumbai,17,Fintech,2021,1,20.11,2,0,0.1773999999999999,-2.28,Seed,3.35,-1.03
GameEon Studios,Mumbai,71,Gaming,2013,1,12.21,3,0,1.02,-3.49,Seed,4.52,165.34656923076923
Gamerji,Ahmedabad,33,Gaming,2020,1,45.3,4,0,0.2536,-5.96,pre-Series A,6.21,-5.33
Games24x7,Mumbai,895,Gaming,2006,1,802.72,8,0,2023,-199.56,Series C,2147.41,-194.14
Gameskraft Technologies,Bengaluru,602,Gaming,2017,1,1.59,2,0,2732.11,1061.86,Seed,1300.72,807.18
Gamezop,Gurugram,86,Gaming,2015,1,37.17,4,0,35.03,2.56,Series A,31.61,2.51
Ganit,Chennai,146,Artificial Intelligence/Machine Learning,2017,1,6.47,1,0,23.83,1.49,Seed,21.91,1.15
GarageWorks,Pune,17,Automotive Tech,2015,1,9.93,4,0,7.45,-0.7577,Seed,8.2,-75.86182381
Garuda Aerospace,Chennai,273,Drone,2015,1,229.07,4,0,47.05,6.16,Bridge,38.64,-10.52432
Geekster,Noida,160,EdTech,2020,1,11.52,2,0,3.05,-5.26,Seed,8.31,-44.05101
Gegadyne Energy,Mumbai,32,"Energy Tech,",2015,1,38.61,3,0,0.7234,-6.24,Series A,6.97,-62.07680742
General Aeronautics,Bengaluru,149,Drone,2016,1,64.66,5,0,8.28,-4.22,Series C,13.55,-29.87
Generic Aadhaar,Thane,47,Healthcare,2018,1,15.3,2,0,11.39,0.1073,Seed,11.24,-0.8221
GenieMode,Gurugram,159,E-commerce,2021,1,322.66,5,0,220.43,-80.98,Series B,301.41,-121.69
GENLEAP,Gurugram,42,EdTech,2021,1,87,2,0,9.16,-2.03,pre-Series A,9.41,4.94
Genrobotics,Thiruvananthapuram,107,Robotics,2017,1,23.2,3,0,22.66,2.86,Seed,21.53,-133.09
Genworks,Bengaluru,512,Healthcare,2014,1,334.74,8,0,446.82,-44.19,Series B,491.01,-86.08
Get My Parking,Bengaluru,144,"SaaS,",2015,1,72.5,4,2,21.8,-14.98,Series A,36.78,-11.98
Get-A-Way,Mumbai,24,Food & Beverages,2018,0,17.47,3,0,7.89,-3.04,Angel,10.93,-3.08
GetMega,Bengaluru,58,Gaming,2018,1,177.22,3,0,31.4,-27.83,Series B,59.23,165.34656923076923
GetSetHome,Mumbai,44,"Hospitality,",2014,1,12.33,2,0,9.74,-0.2622,Seed,10.02,0.1939
GetSupp,Bengaluru,21,Fitness/Nutrition Brand,2022,1,9.44,1,0,0.3364999999999999,-1.83,Seed,2.16,-44.14
GetVantage,Mumbai,68,Fintech,2019,1,320.11,4,0,11.18,-7.74,Series A,18.94,-6.41
GetWork,Gurugram,33,HR Tech,2018,1,8.93,4,0,1.99,-2.05,Seed,4.02,-43.73888889
Giga Fun Studios,Bengaluru,10,Gaming,2022,1,19.43,1,0,3000,-1.03,Seed,1.06,165.34656923076923
Gigforce,Gurugram,197,HR Tech,2019,1,53.74,4,0,64.9,-19.34,Series A,87.7,-19.37
GIVA,Bengaluru,151,"E-commerce,",2019,1,441.39,7,0,167.12,-45.22,Series B,212.35,-79.07
Glamplus,Bengaluru,50,SaaS,2020,1,22.93,3,0,26.08,-8.83,pre-Series A,34.95,-13.57
Glamyo Health,Delhi,237,Healthcare,2019,0,52.47,4,0,11.61,16.62,Series B,,-13.36
Glance,Bengaluru,1073,"Entertainment,",2019,1,2894.88,3,3,346.04,-1067,Series D,1414,-974
GlobalBees,Delhi,172,E-commerce,2021,1,2330.04,5,12,20.76,-59.29,Debt Financing,,-41.8
Globalfair,Bengaluru,101,"B2B,",2020,1,180.54,2,0,0.6309,-2.01,Series A,2.64,0.3593
Glowroad,Bengaluru,351,E-commerce,2017,1,220.75,4,0,4900,-0.7692,Series B,0.7696999999999999,-154.0354023
Go Desi,Bengaluru,83,Food & Beverages,2018,1,111.65,4,0,26.15,-9.63,Series B,35.78,-12.01
GoalTeller,Bengaluru,20,Fintech,2020,1,4.98,3,0,0.4579999999999999,-1.08,pre-Series A,1.53,-145.3999127
GOAT Brand Labs,Bengaluru,52,E-commerce,2021,1,824.82,5,20,157.6,-80.28,Debt Financing,237.87,-75.85
GoBolt,Gurugram,109,"SaaS,",2015,1,208.41,5,0,361.99,-11.49,Series B,374.08,-30.07
GoEgo Network,Pune,39,Automotive Tech,2019,1,74.87,2,0,3.54,-5.78,Series A,11.06,-75.86182381
GoKwik,Delhi,210,SaaS,2020,1,451.49,4,2,55.52,-49.19,Angel,105.1,-186.87
Gold Setu,Bengaluru,28,SaaS,2021,1,17.91,2,0,28.43,-5.13,Seed,33.57,-15.59345238
GoMechanic,Gurugram,924,Automotive Tech,2016,0,485.45,8,1,309.78,-147.16,Series C,456.75,-84.74
Goodera,Bengaluru,305,SaaS,2014,1,205.21,4,0,39.84,-4.99,Series C,53.78,-10.77
Goodfellows,Mumbai,18,"Social Media,",2021,1,0.1,2,0,0.0863,-0.1775,Seed,0.2632,-4.6
GoodMeetings,Bengaluru,12,SaaS,2021,1,12.62,1,0,0.4034,-3.67,pre-Series A,4.07,-15.59345238
Goofy Tails,Delhi,24,E-commerce,2018,1,4.64,1,0,5.35,-2.11,Seed,7.46,-3.39
GoPaani,Indore,59,"SaaS,",2019,1,4.59,1,0,0.3285,-2.66,Seed,2.98,3.32288
GoSats,Bengaluru,21,Fintech,2020,1,37.11,3,0,12.67,-0.3493,Seed,13.02,-0.4592
Goseeko,Delhi,23,EdTech,2018,1,5.19,5,0,6.43,0.4525,Seed,5.81,-44.05101
GramCover,Noida,44,Insurance,2016,1,71.53,6,0,44.85,-16.61,Series A,61.53,-21.17
GramFactory,Gurugram,57,E-commerce,2018,1,37.02,3,0,46.47,-8.87,Pre-Series A,55.35,-1.11
Gramophone,Gurugram,337,Agritech,2016,1,166.16,8,0,316.15,-57.88,Series B,374.04,-57.41
Gravton Motors,Hyderabad,41,Automotive Tech,2017,1,19.6,4,0,0.0895,-5.18,Seed,5.27,-5.3
GrayQuest,Mumbai,306,Fintech,2017,1,76.87,3,0,9.09,-26.3,Series A,35.4,-31.47
Greenikk,Thiruvananthapuram,16,Logistics/Supply Chain,2020,1,6.9,3,0,5.55,-1.12,Seed,6.61,-9.511538462
GreenPod Labs,Chennai,23,"Agritech,",2019,1,4.34,2,0,0.5347,-1.07,Seed,1.61,-17.12333333
GrinnTech,Chennai,49,Renewable Energy,2013,1,15.03,1,0,5.29,-6.74,Seed,12.73,-3.56
Grip Invest,Gurugram,88,Fintech,2020,1,117.92,4,0,9.27,-26.72,Series B,35.99,-35.91
GroMo,Gurugram,305,Fintech,2019,1,93.46,5,0,5020,-0.5862,Seed,0.5867,-145.3999127
Growcoms,Kochi,16,Agritech,2020,1,37.76,4,0,13.76,-2.14,Series A,15.9,-3.59
Growfitter,Mumbai,26,Healthcare,2016,1,22.42,6,0,0.1939999999999999,-1.99,Seed,,-7.033972414
GROWIT,Surat,68,Agritech,2020,1,2.9,1,0,27.46,-6.38,Seed,33.93,-4.78
Growpital,Gurugram,65,Fintech,2020,1,1.47,1,0,57.24,1.02,Debt Financing,55.48,-145.3999127
GrowthX,Bengaluru,187,EdTech,2019,1,11.85,1,0,6.61,1.82,Seed,4.05,3.8
Groww,Bengaluru,1406,Fintech,2016,1,2929.48,7,2,1427.81,448.77,Series E,932.91,426.57
Groyyo,Gurugram,111,Deeptech,2021,1,391.25,4,0,509.83,-68.12,Debt Financing,577.84,-213.32
Gupshup,Mumbai,1033,SaaS,2004,1,2733.29,8,5,1623.79,47.35,Series F,1563.66,-181.33
Gurucool,Delhi,109,EdTech,2021,1,1.14,1,0,0.015,-1.26,Seed,1.27,-44.05101
Gyde,Pune,13,SaaS,2019,1,1.85,1,0,0.8525,0.0175,Seed,0.8273,-15.59345238
Gynoveda,Mumbai,84,Healthcare,2019,1,82.71,1,0,57.35,-10.89,Series A,68.25,-5.41
Habbit,Delhi,22,Healthcare,2019,1,7.84,2,0,1.41,-0.7376,Seed,2.14,-7.033972414
Haber,Pune,104,Deeptech,2017,1,197.78,3,0,82.8,-36.78,Series B,119.57,-49.75
Hair Originals,Gurugram,33,Beauty & Wellness,2018,1,26.58,5,0,7.46,-4.16,pre-Series A,11.62,-7.256666667
HALA,Hyderabad,12,Automotive Tech,2019,1,7.78,1,0,4.89,-0.2243,Seed,5.18,-75.86182381
Hangyo,Mangalore,149,Food & Beverages,2002,1,242.49,2,0,238.62,5.6,Series B,229.1,24.4
Happay,Bengaluru,446,SaaS,2012,0,150.68,9,0,106.5,-65.37,Series B,171.7,-110.09
Happilo,Bengaluru,98,"D2C,",2016,1,274.05,2,0,303.95,-108.86,Series B,412.75,-155.7
Happy,Mumbai,41,Fintech,2016,1,148.99,4,0,8.52,-10.81,Debt Financing,,-32.34
Happy Nature,Delhi,32,Food & Beverages,2018,1,8.39,2,0,21.14,-4.2,Pre-Series A,25.54,-8.97
Hasura,Bengaluru,190,SaaS,2017,1,1011.39,5,0,11400,-0.0006279,Series C,,-15.59345238
Hatica,Gurugram,50,SaaS,2019,1,6.75,1,0,16150,-0.0134,Seed,,-15.59345238
HCAH,Noida,451,Healthcare,2012,1,476.63,7,4,113.36,-37.99,Series B,148.24,-30.84
Headfone,Bengaluru,122,"Streaming,",2018,1,103.81,5,0,2.54,-14.74,Series C,17.28,-21.01
Heads Up for Tails,Gurugram,371,Pet Care,2008,1,365.16,4,0,140.67,-71,Series A,212,-66.86
Healofy,Bengaluru,150,Healthcare,2016,1,133.32,9,0,18.18,-35.51,Series B,53.88,-29.06
HealthFab,Bengaluru,7,E-commerce,2019,1,2.17,1,0,3.3,-1.32,Seed,4.62,-154.0354023
Healthians,Gurugram,1031,Healthcare,2013,1,548.57,11,1,235.81,-129.29,Series C,365.1,-143.71
HealthifyMe,Bengaluru,1819,Healthcare,2012,1,923.67,5,0,229.71,-142,Pre-Series D,371.72,-120.59
Healthkart,Gurugram,1117,"Fitness/Nutrition Brand,",2011,1,1742.92,11,1,851.85,-164.71,Series H,1016.55,-111.55
HealthPlix,Bengaluru,345,Healthcare,2014,1,348.75,11,0,29.58,-41.94,Series C,71.52,-43.38
Hello English,Jaipur,128,EdTech,2010,0,49,4,0,7.23,-9.52,Series A,17.79,-10.74
Herby Angel,Noida,4,Beauty & Wellness,2023,0,20.83,1,0,0.375,-5.12,Seed,5.33,-5.82
Hero Electric,Gurugram,830,Automotive Tech,1993,1,425.66,6,0,852.39,-29.96,Series B,,-261.08
HFN Mandi,Chandigarh,82,Agritech,2016,1,31.93,1,0,37.57,0.596,Venture Round,36.82,-12.11
HighRadius,Hyderabad,4300,SaaS,2006,1,3422.5,4,0,842.18,89.62,Series C,735.25,79.67
Hike,Delhi,395,Gaming,2012,1,1681.88,8,5,151.96,-147.34,Series D,299.31,-94.56
Hirect,Bengaluru,330,HR Tech,2018,1,118.5,1,0,32.27,-2.82,Series B,35.1,-43.73888889
Hitwicket,Hyderabad,63,Gaming,2010,1,27.53,5,0,0.8723000000000001,-0.9956,Seed,1.86,-0.2042
Hobit,Faridabad,32,EdTech,2020,1,6.22,4,0,0.131,-0.2368,Seed,,-44.05101
HobSpace,Mumbai,141,EdTech,2019,1,49.08,4,0,9.36,-22.52,Pre- Series A,31.88,-44.05101
HONO,Gurugram,163,HR Tech,2008,1,50.16,3,0,75.63,-8.92,Series A,84.55,-2.37
HROne,Noida,156,HR Tech,2016,1,65.52,2,0,20.36,-12.86,pre-Series B,33.21,-43.73888889
HUVIAiR,Bengaluru,64,SaaS,2016,1,26.76,4,0,2.1,-14.85,Series A,16.96,-14.15
